Sample	genotype_forward_strand	gender	genotype	population
NA18486	C|A	M	HET	AFR, ALL, YRI
NA18488	A|A	F	HOMO_ALT	AFR, ALL, YRI
NA18489	A|C	F	HET	AFR, ALL, YRI
NA18498	A|A	M	HOMO_ALT	AFR, ALL, YRI
NA18499	A|A	F	HOMO_ALT	AFR, ALL, YRI
NA18501	A|C	M	HET	AFR, ALL, YRI
NA18502	A|C	F	HET	AFR, ALL, YRI
NA18504	C|C	M	HOMO_REF	AFR, ALL, YRI
NA18505	A|A	F	HOMO_ALT	AFR, ALL, YRI
NA18507	A|A	M	HOMO_ALT	AFR, ALL, YRI
NA18508	A|A	F	HOMO_ALT	AFR, ALL, YRI
NA18510	C|A	M	HET	AFR, ALL, YRI
NA18511	A|C	F	HET	AFR, ALL, YRI
NA18516	C|A	M	HET	AFR, ALL, YRI
NA18517	A|A	F	HOMO_ALT	AFR, ALL, YRI
NA18519	C|A	M	HET	AFR, ALL, YRI
NA18520	C|A	F	HET	AFR, ALL, YRI
NA18522	C|A	M	HET	AFR, ALL, YRI
NA18523	A|A	F	HOMO_ALT	AFR, ALL, YRI
NA18853	A|A	M	HOMO_ALT	AFR, ALL, YRI
NA18856	C|A	M	HET	AFR, ALL, YRI
NA18858	C|C	F	HOMO_REF	AFR, ALL, YRI
NA18861	C|A	F	HET	AFR, ALL, YRI
NA18864	A|A	F	HOMO_ALT	AFR, ALL, YRI
NA18865	A|A	M	HOMO_ALT	AFR, ALL, YRI
NA18867	A|A	F	HOMO_ALT	AFR, ALL, YRI
NA18868	A|A	M	HOMO_ALT	AFR, ALL, YRI
NA18870	A|A	F	HOMO_ALT	AFR, ALL, YRI
NA18871	C|A	M	HET	AFR, ALL, YRI
NA18873	A|A	F	HOMO_ALT	AFR, ALL, YRI
NA18874	A|A	M	HOMO_ALT	AFR, ALL, YRI
NA18876	A|A	F	HOMO_ALT	AFR, ALL, YRI
NA18877	A|A	M	HOMO_ALT	AFR, ALL, YRI
NA18878	A|A	F	HOMO_ALT	AFR, ALL, YRI
NA18879	A|C	M	HET	AFR, ALL, YRI
NA18881	C|A	F	HET	AFR, ALL, YRI
NA18907	A|A	F	HOMO_ALT	AFR, ALL, YRI
NA18908	C|A	M	HET	AFR, ALL, YRI
NA18909	C|C	F	HOMO_REF	AFR, ALL, YRI
NA18910	A|C	M	HET	AFR, ALL, YRI
NA18912	A|C	F	HET	AFR, ALL, YRI
NA18915	A|A	M	HOMO_ALT	AFR, ALL, YRI
NA18916	C|A	F	HET	AFR, ALL, YRI
NA18917	C|A	M	HET	AFR, ALL, YRI
NA18923	A|C	M	HET	AFR, ALL, YRI
NA18924	C|A	F	HET	AFR, ALL, YRI
NA18933	A|A	F	HOMO_ALT	AFR, ALL, YRI
NA18934	A|C	M	HET	AFR, ALL, YRI
NA19092	C|A	M	HET	AFR, ALL, YRI
NA19093	A|C	F	HET	AFR, ALL, YRI
NA19095	A|A	F	HOMO_ALT	AFR, ALL, YRI
NA19096	C|A	M	HET	AFR, ALL, YRI
NA19098	A|C	M	HET	AFR, ALL, YRI
NA19099	A|A	F	HOMO_ALT	AFR, ALL, YRI
NA19102	A|A	F	HOMO_ALT	AFR, ALL, YRI
NA19107	A|A	M	HOMO_ALT	AFR, ALL, YRI
NA19108	C|A	F	HET	AFR, ALL, YRI
NA19113	A|A	M	HOMO_ALT	AFR, ALL, YRI
NA19114	A|A	F	HOMO_ALT	AFR, ALL, YRI
NA19116	A|A	F	HOMO_ALT	AFR, ALL, YRI
NA19117	A|A	M	HOMO_ALT	AFR, ALL, YRI
NA19118	A|A	F	HOMO_ALT	AFR, ALL, YRI
NA19119	A|A	M	HOMO_ALT	AFR, ALL, YRI
NA19121	A|C	M	HET	AFR, ALL, YRI
NA19129	A|A	F	HOMO_ALT	AFR, ALL, YRI
NA19130	A|A	M	HOMO_ALT	AFR, ALL, YRI
NA19131	A|A	F	HOMO_ALT	AFR, ALL, YRI
NA19137	A|C	F	HET	AFR, ALL, YRI
NA19138	C|C	M	HOMO_REF	AFR, ALL, YRI
NA19141	A|A	M	HOMO_ALT	AFR, ALL, YRI
NA19143	A|A	F	HOMO_ALT	AFR, ALL, YRI
NA19144	A|A	M	HOMO_ALT	AFR, ALL, YRI
NA19146	C|A	M	HET	AFR, ALL, YRI
NA19147	A|A	F	HOMO_ALT	AFR, ALL, YRI
NA19149	C|A	F	HET	AFR, ALL, YRI
NA19152	A|A	F	HOMO_ALT	AFR, ALL, YRI
NA19153	C|C	M	HOMO_REF	AFR, ALL, YRI
NA19159	C|A	F	HET	AFR, ALL, YRI
NA19160	C|C	M	HOMO_REF	AFR, ALL, YRI
NA19171	A|C	M	HET	AFR, ALL, YRI
NA19172	A|A	F	HOMO_ALT	AFR, ALL, YRI
NA19175	A|A	M	HOMO_ALT	AFR, ALL, YRI
NA19184	A|A	M	HOMO_ALT	AFR, ALL, YRI
NA19185	A|A	F	HOMO_ALT	AFR, ALL, YRI
NA19189	A|C	M	HET	AFR, ALL, YRI
NA19190	C|A	F	HET	AFR, ALL, YRI
NA19197	A|A	F	HOMO_ALT	AFR, ALL, YRI
NA19198	C|C	M	HOMO_REF	AFR, ALL, YRI
NA19200	A|A	M	HOMO_ALT	AFR, ALL, YRI
NA19201	A|A	F	HOMO_ALT	AFR, ALL, YRI
NA19204	A|A	F	HOMO_ALT	AFR, ALL, YRI
NA19206	A|A	F	HOMO_ALT	AFR, ALL, YRI
NA19207	A|A	M	HOMO_ALT	AFR, ALL, YRI
NA19209	A|A	F	HOMO_ALT	AFR, ALL, YRI
NA19210	A|A	M	HOMO_ALT	AFR, ALL, YRI
NA19213	A|C	M	HET	AFR, ALL, YRI
NA19214	A|A	F	HOMO_ALT	AFR, ALL, YRI
NA19222	A|A	F	HOMO_ALT	AFR, ALL, YRI
NA19223	A|C	M	HET	AFR, ALL, YRI
NA19225	A|C	F	HET	AFR, ALL, YRI
NA19235	A|A	F	HOMO_ALT	AFR, ALL, YRI
NA19236	A|A	M	HOMO_ALT	AFR, ALL, YRI
NA19238	C|A	F	HET	AFR, ALL, YRI
NA19239	C|C	M	HOMO_REF	AFR, ALL, YRI
NA19247	C|A	F	HET	AFR, ALL, YRI
NA19248	A|C	M	HET	AFR, ALL, YRI
NA19256	A|C	M	HET	AFR, ALL, YRI
NA19257	A|A	F	HOMO_ALT	AFR, ALL, YRI
